{"cameraMode":{"drawMode":0,"name":"Shaded","section":"Shading Mode"},"sceneLighting":true,"audioPlay":false,"sceneViewState":{"m_AlwaysRefresh":false,"showFog":true,"showSkybox":true,"showFlares":true,"showImageEffects":true,"showParticleSystems":true,"showVisualEffectGraphs":true,"m_FxEnabled":true},"in2DMode":false,"pivot":{"x":3.7233619689941408,"y":8.013364791870118,"z":2.7386293411254885},"rotation":{"x":-0.13620585203170777,"y":-0.3686543107032776,"z":0.05469886586070061,"w":-0.9179143309593201},"size":7.549325942993164,"orthographic":true}