{"cameraMode":{"drawMode":0,"name":"Shaded","section":"Shading Mode"},"sceneLighting":true,"audioPlay":false,"sceneViewState":{"m_AlwaysRefresh":false,"showFog":true,"showSkybox":true,"showFlares":true,"showImageEffects":true,"showParticleSystems":true,"showVisualEffectGraphs":true,"m_FxEnabled":true},"in2DMode":false,"pivot":{"x":13.276636123657227,"y":-7.551525115966797,"z":18.321575164794923},"rotation":{"x":-0.3532877266407013,"y":-0.20740240812301637,"z":0.08063546568155289,"w":-0.9086728692054749},"size":14.792366981506348,"orthographic":true}