{"cameraMode":{"drawMode":0,"name":"Shaded","section":"Shading Mode"},"sceneLighting":true,"audioPlay":false,"sceneViewState":{"m_AlwaysRefresh":false,"showFog":true,"showSkybox":true,"showFlares":true,"showImageEffects":true,"showParticleSystems":true,"showVisualEffectGraphs":true,"m_FxEnabled":true},"in2DMode":false,"pivot":{"x":3.535534143447876,"y":8.660253524780274,"z":3.5355348587036135},"rotation":{"x":-0.13620585203170777,"y":-0.3686543107032776,"z":0.05469886586070061,"w":-0.9179143309593201},"size":12.283409118652344,"orthographic":true}