{"cameraMode":{"drawMode":0,"name":"Shaded","section":"Shading Mode"},"sceneLighting":true,"audioPlay":false,"sceneViewState":{"m_AlwaysRefresh":false,"showFog":true,"showSkybox":true,"showFlares":true,"showImageEffects":true,"showParticleSystems":true,"showVisualEffectGraphs":true,"m_FxEnabled":true},"in2DMode":false,"pivot":{"x":-3.5928096771240236,"y":-0.11601638793945313,"z":8.41830062866211},"rotation":{"x":-0.25494107604026797,"y":-0.38714566826820376,"z":0.11228907853364945,"w":-0.8789262175559998},"size":15.647151947021485,"orthographic":true}