{"cameraMode":{"drawMode":0,"name":"Shaded","section":"Shading Mode"},"sceneLighting":true,"audioPlay":false,"sceneViewState":{"m_AlwaysRefresh":false,"showFog":true,"showSkybox":true,"showFlares":true,"showImageEffects":true,"showParticleSystems":true,"showVisualEffectGraphs":true,"m_FxEnabled":true},"in2DMode":false,"pivot":{"x":14.465232849121094,"y":-4.032444000244141,"z":21.290355682373048},"rotation":{"x":-0.36867648363113406,"y":-0.14907284080982209,"z":0.06002618372440338,"w":-0.9155687689781189},"size":10.401771545410157,"orthographic":true}